"wbcode","country","gdp50","gdp90","gdp95","lnd100km","pop100km","lnd100cr","pop100cr","dens65c","dens65i","dens95c","dens95i","landlock","landlneu","airdist","tropicar","troppop","malfal66","malfal94","lhcpc","south","landarea","open6590","newstate","socialst","lifex65","urbpop95","wardum","pop95","zpolar","zboreal","zdestmp","zdestrp","zdrytemp","zwettemp","zsubtrop","ztropics","zwater","eu","safri","sasia","transit","latam","eseasia","region"
"AGO","Angola",986,654,2055.188,0.1187576,0.2655837,14,30,9.291969,3.462699,19.32299,7.20081,0,0,6830,1,0.7491,1,1,5.73235,1,1246700,0,2,1,36,31,1,10.772,0,0,0.0221579,0.0321074,0,0,0.891729,0.0501317,0.003874,0,1,0,0,0,0,"Sub-Saharan Africa"
"ARG","Argentina",4987,6581,9287.212,0.1230889,0.188942,20,30,12.4985,7.530861,19.44353,11.71553,0,0,8570,0.0268,0,0,0,4.518682,1,2736690,0,0,0,65.8,88.1,0,34.665,0.0125004,0.0843879,0.2308541,0.0008983,0.3237756,0.0477848,0.294136,0.0022708,0.0033919,0,0,0,0,1,0,"Latin America & Caribbean"
"AUT","Austria",3731,16792,21269.85,0.0075848,0.0057634,62,71,66.78308,88.04961,73.97482,97.53151,1,0,840,0,0,0,0,2.858482,0,82730,1,1,0,69.9,64.3,0,8.054,0.022852,0.4829857,0,0,0,0.4941623,0,0,0,1,0,0,0,0,0,"Western Europe"
"BDI","Burundi",320,599,656.9504,0,0,0,0,0,125.1168,0,243.9252,1,1,6600,1,1,1,1,-4.60517,1,25680,0,2,0,43.5,7.5,0,6.264,0,0,0,0,0,0,0.9805556,0,0.0194444,0,1,0,0,0,0,"Sub-Saharan Africa"
"BEL","Belgium",5346,16807,21695.38,0.4892515,0.7138057,99,99,420.7111,161.5809,451.0242,173.2231,0,0,190,0,0,0,0,-4.60517,0,32820,1,0,0,70.9,97,0,10.1459,0,0,0,0,0,0.980316,0,0,0.019684,1,0,0,0,0,0,"Western Europe"
"BEN","Benin",1087,1107,1206.574,0.1089616,0.4924399,11,49,99.27784,12.51306,223.6816,28.19301,0,0,5040,1,0.5141,1,1,1.053939,0,110620,0.0384615,2,1,41,38.4,0,5.475,0,0,0,0,0,0,0.0072161,0.9797114,0.0130726,0,1,0,0,0,0,"Sub-Saharan Africa"
"BFA","Burkina Faso",503,616,914.4192,0,0,0,0,0,18.13231,0,37.92763,1,1,4480,1,1,1,1,-4.60517,0,273600,0,2,0,38.9,15.9,0,10.377,0,0,0,0,0,0,0.0119631,0.9880369,0,0,1,0,0,0,0,"Sub-Saharan Africa"
"BGD","Bangladesh",551,698,971.3679,0.4015982,0.3702043,96,98,412.9494,471.4697,848.1637,968.3596,0,0,4900,0.4035,0.05304,0.632,0.158,2.441871,0,130170,0,2,0,43.3,18.3,0,119.768,0,0,0,0,0,0,0.6533487,0.3283631,0.0182882,0,0,1,0,0,0,"South Asia"
"BGR","Bulgaria",1651,5764,4814.791,0.2736453,0.2475486,64,57,67.10896,76.84892,68.81104,78.79803,0,0,1750,0,0,0,0,0.2432165,0,110550,0,0,1,70.8,68.3,0,8.409,0,0,0,0,0.5416256,0.4515599,0,0,0.0068145,0,0,0,1,0,0,"Former Soviet Union & Eastern Europe"
"BOL","Bolivia",1884,1744,2912.866,0,0,2,1,0,3.456353,0,6.837087,1,1,6500,1,1,0.01089,0.00528,4.301883,1,1084380,0.7692308,0,0,45.1,60.5,0,7.414,0.0097113,0.0205497,0.0808333,0.0027096,0.09514,0.027172,0.5579533,0.2040449,0.0018859,0,0,0,0,1,0,"Latin America & Caribbean"
"BRA","Brazil",1673,4812,5986.063,0.0925157,0.3412646,21,37,36.76809,7.235476,69.45248,13.66733,0,0,7700,0.9308,0.3378,0.4005,0.1935,2.844228,1,8456510,0,0,0,57.9,78.3,0,159.222,0,0,0,0,0.0024742,0.0464593,0.6123819,0.3340699,0.0046147,0,0,0,0,1,0,"Latin America & Caribbean"
"BWA","Botswana",390,4215,7695.21,0,0,0,0,0,0.9687153,0,2.558538,1,1,8760,0.7025,0.5,0.76,0.39,-4.60517,1,566730,0.4230769,2,0,50.1,60,0,1.45,0,0,0,0.0334254,0,0,0.9582083,0.0083662,0,0,1,0,0,0,0,"Sub-Saharan Africa"
"CAF","Central African Republic",729,644,1520.734,0,0,0,0,0,2.6919,0,5.256991,1,1,5450,1,1,1,1,-4.60517,0,622980,0,2,0,41.5,39.1,0,3.275,0,0,0,0,0,0,0.5567291,0.4432708,0,0,1,0,0,0,0,"Sub-Saharan Africa"
"CHE","Switzerland",8939,21661,24859.92,0,0,33,46,0,148.091,0,177.9772,1,0,600,0,0,0,0,-4.60517,0,39550,1,0,0,72.2,61,0,7.039,0.2667899,0.2596016,0,0,0,0.4736086,0,0,0,1,0,0,0,0,0,"Western Europe"
"CHL","Chile",3827,6380,11162.28,0.6601816,0.5267299,68,53,9.127183,15.93215,15.15692,26.45749,0,0,8290,0.1625,0.054,0,0,3.702573,1,748800,0.5769231,0,0,60.6,83.9,0,14.225,0.0648624,0.2695001,0.315967,0.0011626,0.1053998,0.2078543,0,0,0.0352538,0,0,0,0,1,0,"Latin America & Caribbean"
"CHN","China",614,2700,3071.84,0.0517116,0.1906961,12,45,282.7856,65.44478,474.5777,109.8311,0,0,2100,0.0313,0.07848,0.04784,0.00552,2.78447,0,9326410,0,0,1,59.6,30.2,0,1200.241,0.1030804,0.1844069,0.1523736,0,0.2104926,0.2682833,0.0778205,0.0004092,0.0031337,0,0,0,0,0,1,"East and Southeast Asia"
"CIV","Cote d'Ivoire",859,1224,1655.357,0.1710561,0.3720007,18,38,30.95911,10.78493,95.59233,33.30059,0,0,5260,1,0.6466,1,1,1.765516,0,318000,0,2,0,42.9,43.4,0,13.978,0,0,0,0,0,0,0.2131651,0.7828937,0.0039412,0,1,0,0,0,0,"Sub-Saharan Africa"
"CMR","Cameroon",803,1447,1812.026,0.0982402,0.1522673,13,18,19.58585,11.87936,44.25383,26.84116,0,0,5470,1,0.8641,1,1,3.888269,0,465400,0,2,0,43,44.7,0,13.288,0,0,0,0,0,0,0.7493612,0.2409442,0.0096947,0,1,0,0,0,0,"Sub-Saharan Africa"
"COG","Congo",1330,2631,1642,0.0478931,0.1825344,5,18,12.39925,2.793233,29.38544,6.619785,0,0,6330,1,0.862,1,1,5.679245,1,341500,0,2,1,44.7,58.4,0,2.633,0,0,0,0,0,0,0.9682262,0.0275564,0.0042174,0,1,0,0,0,0,"Sub-Saharan Africa"
"COL","Colombia",2089,4917,6915.338,0.1597219,0.2720111,28,28,30.34203,15.43562,60.35779,30.70526,0,0,4030,1,0.7533,0.26418,0.2499,4.298068,0,1038700,0.1923077,0,0,60.1,72.6,0,36.813,0,0,0,0.0296947,0.0107981,0.0710838,0.3139652,0.5668132,0.007645,0,0,0,0,1,0,"Latin America & Caribbean"
"CRI","Costa Rica",1968,3923,6617.773,1,1,100,100,29.02468,0,66.56874,0,0,0,3575,1,1e-04,0.00088,0,-4.60517,0,51060,0.1538462,0,0,65.6,49.3,0,3.399,0,0,0,0,0,0.0588374,0.6307366,0.2598258,0.0506001,0,0,0,0,1,0,"Latin America & Caribbean"
"DEU","Germany",4281,18685,20384.29,0.1860774,0.1030959,94,95,120.6083,239.8791,129.8691,258.2981,0,0,240,0,0,0,0,2.870741,0,349270,1,0,0,70.8,86.5,0,81.869,0,0.0227174,0,0,0.038153,0.9292971,0,0,0.0098326,1,0,0,0,0,0,"Western Europe"
"DNK","Denmark",6683,17953,22051.1,1,1,100,100,112.1376,0,123.0262,0,0,0,765,0,0,0,0,5.172658,0,42430,1,0,0,72.9,85.2,0,5.22,0,0,0,0,0.0202692,0.8895735,0,0,0.0901573,1,0,0,0,0,0,"Western Europe"
"DOM","Dominican Republic",1212,2342,4244.16,1,1,100,100,78.66887,0,161.6784,0,0,0,2420,1,0,0.938,0,-4.60517,0,48380,0,0,0,57,61.9,0,7.822,0,0,0,0,0,0,0.9009423,0,0.0990577,0,0,0,0,1,0,"Latin America & Caribbean"
"ECU","Ecuador",1329,3037,4969.672,0.3684109,0.600886,38,60,30.30622,11.7418,67.61751,26.19762,0,0,4580,1,0.4694,0.2135,0.13725,4.906961,1,276840,0.6923077,0,0,56.8,58.9,0,11.477,0,0.0240466,0,0,0.0333766,0.1643341,0.3397297,0.3890733,0.0494397,0,0,0,0,1,0,"Latin America & Caribbean"
"ESP","Spain",2397,12170,15030.99,0.4102564,0.6325665,46,67,98.96389,39.98909,121.0159,48.89982,0,0,1420,0,0,0,0,0.6753976,0,499440,1,0,0,71.6,76.5,0,39.199,0,0.0072541,0.0157949,0,0.6291096,0.2536876,0.0675991,0,0.0265548,1,0,0,0,0,0,"Western Europe"
"ETH","Ethiopia",277,350,465.1852,0.021018,0.0150231,2,1,18.25667,25.69841,40.31593,56.7494,1,1,5740,1,0.9492,0.85,0.75,0.4469641,0,1e+06,0,0,1,38.9,15.4,1,56.404,0,0,0,0.0152651,0.0323185,0.0807963,0.6086657,0.2629544,0,0,1,0,0,0,0,"Sub-Saharan Africa"
"FIN","Finland",4131,16604,18086.44,0.2833278,0.6355669,29,63,33.61261,7.619513,37.63375,8.53105,0,0,1640,0,0,0,0,-4.60517,0,304590,1,1,0,69.6,63.2,0,5.11,0,0.9105653,0,0,0,0.0752959,0,0,0.0141387,1,0,0,0,0,0,"Western Europe"
"FRA","France",5221,17777,21168.16,0.329235,0.3294838,85,90,88.70178,88.60191,105.6242,105.5053,0,0,440,0,0,0,0,1.293263,0,550100,1,0,0,71.5,74.7,0,58.06,0.0034463,0.0339512,0,0,0.087975,0.8562934,0,0,0.018334,1,0,0,0,0,0,"Western Europe"
"GAB","Gabon",1207,2859,7428.114,0.2617914,0.4685947,27,47,3.438613,1.382892,7.481588,3.008837,0,0,5790,1,0.6198,1,1,6.657253,1,257670,0,2,0,43,50.1,0,1.077,0,0,0,0,0,0,0.8223071,0.1669023,0.0107907,0,1,0,0,0,0,"Sub-Saharan Africa"
"GBR","United Kingdom",6847,16302,19321.28,0.9234359,0.8172235,100,100,199.0842,537.0287,214.4065,578.3607,0,0,320,0,0,0,0,4.373679,0,241600,1,0,0,71.4,89.2,0,58.533,0,0.0726408,0,0,0.0138208,0.8344776,0,0,0.0790608,1,0,0,0,0,0,"Western Europe"
"GHA","Ghana",1193,966,1767.099,0.1929914,0.4331179,19,43,77.20781,24.16616,168.4113,52.71298,0,0,5190,1,0.5747,1,1,1.633371,0,227540,0.2307692,2,0,48,35.9,0,17.075,0,0,0,0,0,0,0.0621137,0.9240435,0.0138428,0,1,0,0,0,0,"Sub-Saharan Africa"
"GIN","Guinea",260,448,1734.097,0.1406412,0.2669071,17,30,26.93913,12.10934,50.90476,22.88207,0,0,4920,1,0.7507,1,1,-4.60517,0,245720,0.1923077,2,0,35.8,29.2,0,6.591,0,0,0,0,0,0,0.5464829,0.4524797,0.0010373,0,1,0,0,0,0,"Sub-Saharan Africa"
"GMB","Gambia",459,862,1272.538,0.3997696,0.6240239,100,100,63.06274,25.30601,173.7347,69.7168,0,0,4660,1,0.3605,1,1,-4.60517,0,10000,0.1923077,2,0,35,29,0,1.113,0,0,0,0,0,0,0.3440737,0.6478711,0.0080552,0,1,0,0,0,0,"Sub-Saharan Africa"
"GNB","Guinea Bissau",280,782,1006.782,0.6870649,0.812076,100,100,22.02495,11.19035,44.97461,22.85053,0,0,4780,1,0.2316,1,1,-4.60517,0,28120,0.1538462,2,0,35.5,21.7,0,1.07,0,0,0,0,0,0,0.3968486,0.5064126,0.0967387,0,1,0,0,0,0,"Sub-Saharan Africa"
"GRC","Greece",1951,10051,12056.85,0.9299707,0.9682414,93,97,69.06823,30.08471,84.54417,36.82572,0,0,2130,0,0,0,0,1.598076,0,128900,1,0,0,71,59.2,0,10.467,0,0,0,0,0.5380848,0.2761696,0.0390351,0,0.1467105,1,0,0,0,0,0,"Western Europe"
"GTM","Guatemala",1677,2461,3518.28,0.4254581,0.7327794,42,73,72.5593,19.59408,168.7104,45.55894,0,0,3300,1,0.3144,0.0204,0.012,3.274858,0,108430,0.1153846,0,0,50.1,38.9,1,10.62123,0,0,0,0,0.0542182,0.1084363,0.7055953,0.1227499,0.0090002,0,0,0,0,1,0,"Latin America & Caribbean"
"HKG","Hong Kong",1962,17120,23490,1,1,100,100,3729.293,0,6252.323,0,0,0,2940,1,0,0.046,0,-4.60517,0,990,1,0,0,70,95,0,6.1898,0,0,0,0,0,0,0.1014493,0,0.8985507,0,0,0,0,0,1,"East and Southeast Asia"
"HND","Honduras",1036,1510,2119.986,0.6686022,0.706368,67,71,21.19768,17.77783,55.93543,46.9113,0,0,3220,1,0.3687,0.00324,0.0108,-4.60517,0,111890,0,0,0,51,43.8,0,5.924,0,0,0,0,0,0,0.8599936,0.1319818,0.0080245,0,0,0,0,1,0,"Latin America & Caribbean"
"HTI","Haiti",984,1037,1128.841,1,1,100,100,150.3266,0,260.0871,0,0,0,2500,1,0,1,1,-4.60517,0,27560,0,0,0,46.3,31.8,0,7.168,0,0,0,0,0,0,0.7067702,0.2065545,0.0866753,0,0,0,0,1,0,"Latin America & Caribbean"
"HUN","Hungary",2480,6348,6761.408,0,0,90,93,0,109.8982,0,110.7754,1,0,1160,0,0,0,0,3.721241,0,92340,0.0384615,0,1,69.2,64.6,0,10.229,0,0,0,0,0.3588885,0.6411115,0,0,0,0,0,0,1,0,0,"Former Soviet Union & Eastern Europe"
"IDN","Indonesia",874,2525,3229.815,0.7457604,0.9613945,75,96,76.17235,8.972233,137.5395,16.20058,0,0,5800,1,0.044,0.41678,0.42594,4.00041,1,1811570,0.8076923,2,0,46,35.4,0,193.277,0,0,0,0,0,0.0242262,0.4360267,0.4465247,0.0932225,0,0,0,0,0,1,"East and Southeast Asia"
"IND","India",597,1316,1514.854,0.1567764,0.2246565,25,38,238.6484,153.134,447.9181,287.4166,0,0,5860,0.5119,0.3929,0.13186,0.28107,1.827014,0,2973190,0,2,0,48,26.8,0,929.358,0.0195116,0.0172687,0.0084944,0.0229782,0,0.0428379,0.4193214,0.4592453,0.0103425,0,0,1,0,0,0,"South Asia"
"IRL","Ireland",3518,11123,17641.69,0.9133892,0.9290125,91,93,42.4618,34.21706,52.94437,42.66425,0,0,800,0,0,0,0,2.718957,0,68890,0.9615384,1,0,71.1,57.5,0,3.586,0,0,0,0,0,0.945519,0,0,0.054481,1,0,0,0,0,0,"Western Europe"
"ITA","Italy",3425,15951,19829.13,0.7774464,0.7455912,86,90,169.9543,202.5813,186.5609,222.3761,0,0,1270,0,0,0,0,3.002363,0,294060,1,0,0,71,66.6,0,57.204,0.0376483,0.061924,0,0,0.3227516,0.4793687,0.0514427,0,0.0468646,1,0,0,0,0,0,"Western Europe"
"JAM","Jamaica",1103,3079,3670.417,1,1,100,100,162.5115,0,232.8809,0,0,0,2560,1,0,0,0,-4.60517,0,10830,0.3846154,2,0,66.3,53.7,0,2.5221,0,0,0,0,0,0,0.6392199,0,0.3607801,0,0,0,0,1,0,"Latin America & Caribbean"
"JPN","Japan",1873,18548,22176.71,0.9399481,0.9741569,94,97,272.176,113.0167,344.6564,143.1131,0,0,140,0,0,0,0,0.1145113,0,376520,1,0,0,71.1,78.1,0,125.213,0,0.1108083,0,0,0,0.7924014,0,0,0.0967903,0,0,0,0,0,1,"East and Southeast Asia"
"KEN","Kenya",609,1079,1125.203,0.0825039,0.0629784,8,6,13.07549,17.49389,35.79432,47.88972,0,0,6650,1,0.9352,0.98,0.91,-4.60517,1,569140,0.1153846,2,0,48.4,28.6,0,26.688,0,0,0,0,0.0311706,0.0158818,0.5477935,0.4014696,0.0036846,0,1,0,0,0,0,"Sub-Saharan Africa"
"KOR","Korea,Republic of",876,8977,12355.15,0.8911812,0.958155,89,96,310.6865,111.1199,488.4192,174.6877,0,0,1150,0,0,0,0,-4.60517,0,98730,0.8846154,2,0,57.6,81.3,0,44.851,0,0,0,0,0,0.9346683,0,0,0.0653317,0,0,0,0,0,1,"East and Southeast Asia"
"LBR","Liberia",1129,864,770,0.5436259,0.6146635,68,70,14.02777,10.4754,32.08193,23.95754,0,0,5260,1,0.4435,1,1,-4.60517,0,96320,0,0,0,44.9,45,1,2.733,0,0,0,0,0,0,0.5382447,0.4342088,0.0275464,0,1,0,0,0,0,"Sub-Saharan Africa"
"LKA","Sri Lanka",969,2752,2273.691,0.9936201,0.9870232,99,99,171.5903,351.3485,278.4116,570.0759,0,0,6850,1,0.0471,0.038,0.2,-4.60517,0,64630,0.2307692,2,0,64.2,22.1,1,18.114,0,0,0,0,0,0,0.2734233,0.6367116,0.0898651,0,0,1,0,0,0,"South Asia"
"LSO","Lesotho",324,1027,1479.436,0,0,0,0,0,31.72982,0,65.23888,1,1,9320,0,0,0,0,-4.60517,1,30350,0,2,0,47.3,24,0,1.98,0,0,0,0,0.838334,0.1616661,0,0,0,0,1,0,0,0,0,"Sub-Saharan Africa"
"MDG","Madagascar",961,760,941.1471,0.5709643,0.4705684,57,47,8.653484,12.95668,19.34633,28.96685,0,0,8940,0.8768,0.48897,1,1,-0.5612563,0,581540,0,2,0,43.7,26.4,0,13.651,0,0,0,0,0,0.0587291,0.787107,0.1242512,0.0299127,0,1,0,0,0,0,"Sub-Saharan Africa"
"MEX","Mexico",2085,4997,7592.283,0.3725495,0.2970617,37,30,17.43064,24.48998,37.12136,52.15537,0,0,3360,0.4659,0.36775,0.00013,0.00013,5.96945,0,1972550,0.1923077,0,0,60.3,73.4,0,91.831,0,0,0.0150245,0.1497684,0.2517145,0.0215209,0.4315319,0.1124655,0.0179743,0,0,0,0,1,0,"Latin America & Caribbean"
"MLI","Mali",410,538,718.9773,0,0,0,0,0,3.925618,0,8.021702,1,1,4500,0.959,1,0.8,0.62,-4.60517,0,1220190,0.1153846,2,0,37,26.8,0,9.788,0,0,0,0.5637858,0,0,0.035082,0.4011322,0,0,1,0,0,0,0,"Sub-Saharan Africa"
"MOZ","Mozambique",1001,859,536.7024,0.2899271,0.4043888,33,46,14.83222,8.919816,28.76078,17.29618,0,0,9080,0.9029,0.36018,1,1,2.911917,1,784090,0,2,1,41,33.8,1,16.168,0,0,0,0,0,0.003733,0.7708526,0.2132895,0.0121248,0,1,0,0,0,0,"Sub-Saharan Africa"
"MRT","Mauritania",615,927,1850.23,0.0568508,0.1490058,7,20,2.801948,0.9645831,5.813532,2.001334,0,0,4180,0.8225,0.69656,0,0,-4.60517,1,1025220,0,2,0,41.5,51.2,0,2.274,0,0,0,0.7980801,0,0,0.0111232,0.1891727,0.001624,0,1,0,0,0,0,"Sub-Saharan Africa"
"MWI","Malawi",306,584,618.9708,0,0,0,0,0,42.25127,0,103.7096,1,1,7870,1,1,0.52,1,-4.60517,1,94080,0,2,0,39.5,13.5,0,9.757,0,0,0,0,0,0,0.8665184,0.0548084,0.0786733,0,1,0,0,0,0,"Sub-Saharan Africa"
"MYS","Malaysia",1696,5638,10261.02,0.7944068,0.9052247,80,91,32.95543,13.33214,69.85081,28.25818,0,0,5380,1,0.1217,0.62216,0.46662,6.262983,0,328550,1,2,0,59.4,53.6,0,20.14,0,0,0,0,0,0,0.6172867,0.3379883,0.044725,0,0,0,0,0,1,"East and Southeast Asia"
"NAM","Namibia",1528,2140,5138.951,0.1652752,0.0465282,17,5,0.239703,0.9725897,0.5283042,2.143582,0,0,8400,0.656,0.4785,0.89,0.24,5.88887,1,823290,0,3,0,46.2,36,1,1.545,0,0,0.3097332,0.1891573,0.0346721,0,0.4316682,0.0283202,0.006449,0,1,0,0,0,0,"Sub-Saharan Africa"
"NER","Niger",743,544,929.7094,0,0,0,0,0,2.889398,0,7.127181,1,1,4460,0.9998,1,0.76,0.66,-4.60517,0,1266700,0,2,0,37.5,18.2,0,9.028,0,0,0,0.6004826,0,0,0.0231692,0.3761396,0.0002086,0,1,0,0,0,0,"Sub-Saharan Africa"
"NGA","Nigeria",547,1118,876.7953,0.0977692,0.2432655,13,34,132.9795,44.82621,303.9903,102.4724,0,0,4770,1,0.7552,1,1,5.209552,0,910770,0,2,0,42,39.5,0,111.273,0,0,0,0,0,0,0.1994443,0.7899764,0.0105793,0,1,0,0,0,0,"Sub-Saharan Africa"
"NIC","Nicaragua",1772,1505,2039.173,0.6326855,0.7523342,63,75,17.2196,9.764009,42.8531,24.29894,0,0,3440,1,0.3087,0.00528,0.044,-4.60517,0,121400,0,0,1,52,62.1,1,4.375,0,0,0,0,0,0,0.6099795,0.3303121,0.0597085,0,0,0,0,1,0,"Latin America & Caribbean"
"NLD","Netherlands",5850,16569,19837.51,0.8560137,0.8352834,100,100,353.6062,414.5556,444.7406,521.3984,0,0,140,0,0,0,0,6.100271,0,33920,1,0,0,73.6,89,0,15.46,0,0,0,0,0,0.9333333,0,0,0.0666667,1,0,0,0,0,0,"Western Europe"
"NOR","Norway",4969,16897,22262.57,0.476848,0.8808423,48,88,22.41369,2.763691,26.21252,3.232101,0,0,1000,0,0,0,0,8.032375,0,306830,1,0,0,73.8,73.2,0,4.354,0.2263796,0.6826078,0,0,0,0.0720792,0,0,0.0189334,1,0,0,0,0,0,"Western Europe"
"NPL","Nepal",729,1175,1037.199,0,0,0,0,0,75.83333,0,156.8421,1,1,5160,0,0,0.04617,0.04698,-4.60517,0,136800,0,0,0,41,10.3,0,21.456,0.0446746,0.0554734,0.1890533,0,0,0.3122781,0.3435651,0.0549556,0,0,0,1,0,0,0,"South Asia"
"PAK","Pakistan",650,1575,1558.049,0.0941959,0.0859293,9,9,67.62395,74.80611,153.7263,170.0531,0,0,5950,0,0,0.42897,0.52671,2.986579,0,770880,0,2,0,47.8,34.3,0,129.905,0.0221281,0.0492561,0.0974904,0.5784339,0.0517013,0.0142817,0.1442162,0.0367505,0.0057419,0,0,1,0,0,0,"South Asia"
"PER","Peru",2263,3000,4518.313,0.1732075,0.556205,24,56,28.76789,4.808678,59.75603,9.988481,0,0,5940,1,0.5032,0.00255,0.00205,3.923134,1,1280000,0.1153846,0,0,51.5,70.9,1,23.819,0.0412167,0.0575193,0.1136018,0.0528896,0.0380895,0.0750615,0.1511654,0.4591777,0.0112785,0,0,0,0,1,0,"Latin America & Caribbean"
"PHL","Philippines",1293,2300,3269.772,0.9985795,0.9996542,100,100,107.5375,26.15232,230.3009,56.00745,0,0,3010,1,7e-04,0.48743,0.617,2.000767,0,298170,0.1153846,2,0,56.2,54,0,68.595,0,0,0,0,0,0,0.5151995,0.3255408,0.1592597,0,0,0,0,0,1,"East and Southeast Asia"
"PNG","Papua New Guinea",919,1585,3006.26,0.6982118,0.6905215,69,69,4.690946,4.864055,9.394994,9.741696,0,0,4500,1,0.3581,0.95,0.79,5.998264,1,452860,0,2,0,45.1,16,0,4.302,0,0,0,0,0,0.1115954,0.457515,0.3453681,0.0855215,0,0,0,0,0,1,"East and Southeast Asia"
"POL","Poland",2447,5113,5619.636,0.1658235,0.121606,84,89,75.8737,108.9466,93.0161,133.5613,0,0,1130,0,0,0,0,2.496275,0,304420,0.0384615,1,1,69.9,63.7,0,38.612,0,0.0164724,0,0,0.0794291,0.9008725,0,0,0.003226,0,0,0,1,0,0,"Former Soviet Union & Eastern Europe"
"PRT","Portugal",2132,10685,12999.04,0.6084618,0.8693358,69,91,141.8488,33.13247,154.2484,36.02871,0,0,1750,0,0,0,0,-4.60517,0,91950,1,0,0,66.1,35.6,0,9.927,0,0,0,0,0.6013451,0.3412312,0.0207967,0,0.036627,1,0,0,0,0,0,"Western Europe"
"PRY","Paraguay",1340,2670,3530.087,0,0,32,55,0,5.162346,0,12.15203,1,1,7580,0.5614,0.5,0.034,0.0051,-4.60517,1,397300,0.0769231,0,0,65.1,52.4,0,4.828,0,0,0,0,0,0,0.8497769,0.1502231,0,0,0,0,0,1,0,"Latin America & Caribbean"
"ROM","Romania",1182,3460,4362.021,0.0650392,0.0462282,48,52,58.72824,84.28807,70.02214,100.4973,0,0,1820,0,0,0,0,4.688885,0,230340,0,0,1,68,55.9,0,22.692,0,0.0840226,0,0,0.3782838,0.5296047,0,0,0.0080889,0,0,0,1,0,0,"Former Soviet Union & Eastern Europe"
"RWA","Rwanda",606,741,577.1245,0,0,0,0,0,129.0231,0,259.4244,1,1,6460,1,1,1,1,3.520922,1,24670,0,2,0,44.1,5.7,0,6.4,0,0,0,0,0.1220703,0.0371094,0.8408203,0,0,0,1,0,0,0,0,"Sub-Saharan Africa"
"SDN","Sudan",1014,1123,800,0.0232301,0.0212838,0,2,4.765792,5.211964,10.29857,11.26272,0,0,4730,1,0.9796,0.89,0.81,2.91721,0,2376000,0,2,0,41.7,31.3,1,26.707,0,0,0,0.4636546,0,0,0.2250888,0.3102262,0.0010304,0,1,0,0,0,0,"Sub-Saharan Africa"
"SEN","Senegal",1110,1269,1631.917,0.244762,0.6127691,59,86,47.15005,9.656407,110.1122,22.55115,0,0,4757,1,0.4321,1,1,-4.60517,0,192530,0,2,0,38.2,43.7,0,8.468,0,0,0,0.0004239,0,0,0.1404348,0.8486041,0.0105372,0,1,0,0,0,0,"Sub-Saharan Africa"
"SGP","Singapore",2038,14663,25157.58,1,1,100,100,3081.967,0,4895.902,0,0,0,5300,1,0,0,0,-4.60517,0,610,1,2,0,67.9,100,0,2.9865,0,0,0,0,0,0,0,1,0,0,0,0,0,0,1,"East and Southeast Asia"
"SLE","Sierra Leone",706,857,502.5574,0.4661856,0.5679055,49,57,41.31525,27.45249,71.35344,47.41177,0,0,5080,1,0.4978,1,1,-4.60517,0,71620,0,2,0,33.5,33.3,0,4.195,0,0,0,0,0,0,0.1409869,0.8135281,0.0454851,0,1,0,0,0,0,"Sub-Saharan Africa"
"SLV","El Salvador",1522,1961,2798.221,1,1,100,100,145.0772,0,271.3803,0,0,0,3350,1,0.012,0.00194,0,-4.60517,0,20720,0.0384615,0,0,55.9,45,1,5.623,0,0,0,0,0,0,0.9368241,0.0472396,0.0159363,0,0,0,0,1,0,"Latin America & Caribbean"
"SOM","Somalia",950,1007,500,0.4474873,0.5430974,44,54,8.200823,5.587812,18.36141,12.51095,0,0,6700,1,0.4658,1,1,0.9225517,0,627340,0,2,0,39,25.6,1,9.491,0,0,0,0.1261074,0,0,0.2952051,0.5610647,0.0176228,0,1,0,0,0,0,"Sub-Saharan Africa"
"SVK","Slovak Republic",3501,8464,6945.528,0,0,72,75,0,90.72379,0,111.6681,1,0,1010,0,0,0,0,1.689885,0,48080,0,3,1,70.6,58.8,0,5.369,0,0.3832436,0,0,0,0.6167564,0,0,0,0,0,0,1,0,0,"Former Soviet Union & Eastern Europe"
"SWE","Sweden",6738,17695,19187.33,0.301546,0.7042814,30,70,43.88341,7.955152,50.10221,9.082491,0,0,1200,0,0,0,0,-4.60517,0,411620,1,0,0,74.1,83.1,0,8.83,0.0641696,0.7317289,0,0,0,0.1731466,0,0,0.030955,1,0,0,0,0,0,"Western Europe"
"TGO","Togo",547,761,1625.947,0.16769,0.416601,16,41,74.31586,20.96762,186.589,52.64457,0,0,5120,1,0.5758,1,1,-4.60517,0,54390,0,2,0,43,30.7,0,4.085,0,0,0,0,0,0,0.0514612,0.9485388,0,0,1,0,0,0,0,"Sub-Saharan Africa"
"THA","Thailand",848,4173,6492.494,0.2725738,0.3929531,28,40,86.4634,50.05057,164.3484,95.13541,0,0,4620,1,0.6276,0.57876,0.47064,2.558825,0,510890,1,0,0,56.7,20,0,58.242,0,0,0,0,0,0,0.3886949,0.5939589,0.0173463,0,0,0,0,0,1,"East and Southeast Asia"
"TTO","Trinidad & Tobago",4537,9310,6437.295,1,1,100,100,174.6589,0,250.8772,0,0,0,3600,1,0,0,0,6.792399,0,5130,0,2,0,65.4,71.7,0,1.287,0,0,0,0,0,0,0.7906977,0,0.2093023,0,0,0,0,1,0,"Latin America & Caribbean"
"TZA","Tanzania",427,599,640,0.088189,0.1681123,9,17,25.41653,12.16442,63.9588,30.61084,0,0,7340,1,0.8399,0.98,1,2.705357,1,883590,0,2,0,44.1,24.2,0,29.646,0,0,0,0,0.0003639,0.0064987,0.8747173,0.072123,0.046297,0,1,0,0,0,0,"Sub-Saharan Africa"
"UGA","Uganda",1149,944,969.7999,0,0,0,0,0,40.30553,0,96.00801,1,1,6220,1,1,0.86,1,-4.60517,0,199650,0.1153846,2,0,46,12.5,1,19.168,0,0,0,0,0,0.0081408,0.7508395,0.1427699,0.0982497,0,1,0,0,0,0,"Sub-Saharan Africa"
"URY","Uruguay",3926,5153,7246.318,0.3123291,0.7245427,49,80,35.73729,6.170832,42.25308,7.295927,0,0,8560,0,0,0,0,-4.60517,1,174810,0.0384615,0,0,68.5,90.3,0,3.184,0,0,0,0,0.100192,0.4719265,0.4230523,0,0.0048292,0,0,0,0,1,0,"Latin America & Caribbean"
"VEN","Venezuela",7424,8139,8544.371,0.2444088,0.691055,56,82,29.15127,4.215568,69.46746,10.0457,0,0,3530,1,0.455,0.09504,0.0704,7.863266,0,882050,0.0769231,0,0,63.7,85.8,0,21.671,0,0,0,0,0,0.0100138,0.4751058,0.4942922,0.0205883,0,0,0,0,1,0,"Latin America & Caribbean"
"VNM","Vietnam",357,1000,1450,0.5702823,0.817741,64,91,168.9086,49.96106,323.6889,95.74315,0,0,3680,1,0.2197,0.74,0.74,2.221091,0,325490,0,2,1,47.9,19.4,1,73.475,0,0,0,0,0,0.0218326,0.800976,0.1450569,0.0321345,0,0,0,0,0,1,"East and Southeast Asia"
"ZAF","South Africa",2251,3719,7437.506,0.19633,0.3671347,20,37,30.37214,12.78999,63.49022,26.73631,0,0,8930,0.0378,0,0,0,1.104249,1,1221040,0,0,0,51.9,49.3,0,41.457,0,0,0.1000026,0.1820969,0.398491,0.0157704,0.2923569,0.002942,0.0083402,0,1,0,0,0,0,"Sub-Saharan Africa"
"ZAR","Zaire",636,458,915.5263,0.0039869,0.0158301,1,3,30.75152,7.652775,76.79647,19.11145,0,0,6420,1,0.9892,1,1,0.9401177,1,2267050,0,2,0,44.1,28.7,0,43.848,0,0,0,0,0.0026333,0.0040237,0.775076,0.2060904,0.0121766,0,1,0,0,0,0,"Sub-Saharan Africa"
"ZMB","Zambia",733,818,853.0184,0,0,0,0,0,4.861513,0,12.07711,1,1,7820,1,1,1,1,-4.60517,1,743390,0,2,0,45.3,43,0,8.978,0,0,0,0,0,0,0.972663,0.0248996,0.0024374,0,1,0,0,0,0,"Sub-Saharan Africa"
"ZWE","Zimbabwe",1023,1592,2156.414,0,0,0,0,0,11.54453,0,28.46323,1,1,8190,1,1,1,0.7,-4.60517,1,386850,0,2,1,49,31.8,0,11.011,0,0,0,0,0,0,0.9341329,0.065867,0,0,1,0,0,0,0,"Sub-Saharan Africa"
